sr_no,email,product,review,sentiment,ai_response
1,amit.patil01@gmail.com,Water Bottle,The water bottle quality is excellent and feels premium.,positive,"Dear [Customer],

I wanted to take a moment to express my heartfelt thanks for taking the time to share your wonderful review about our water bottle. We are thrilled to hear that you're satisfied with its quality and feel, and we couldn't be more grateful for your kind words.

At [Company Name], we strive to deliver exceptional products that exceed our customers' expectations, and it's customers like you who make all the hard work worthwhile. Your positive feedback means the world to us, and we will definitely take your comments into consideration as we continue to improve and innovate our products.

Once again, thank you for your kind review and for choosing [Company Name]. We're honored to have customers like you who appreciate our brand and products.

Best regards,
[Your Name]
Customer Support Assistant"
2,neha.sharma22@gmail.com,Water Bottle,"Keeps water cold for hours, very happy with the purchase.",positive.,"Dear [Customer],

I wanted to take a moment to express my sincerest gratitude for taking the time to share your wonderful review of our product! We are thrilled to hear that it's been keeping your drinks refreshingly cold for hours on end.

Your kind words mean the world to us, and we're so glad to know that you're completely satisfied with your purchase. Your feedback is invaluable in helping us continue to provide high-quality products that exceed our customers' expectations.

Thank you again for your positive review! We appreciate your loyalty and look forward to serving you better in the future.

Best regards,
[Your Name]
Customer Support Assistant"
3,rohit.kulkarni77@gmail.com,Water Bottle,"Leak-proof and lightweight, perfect for daily use.",positive.,"Dear [Customer's Name],

I wanted to take a moment to express my heartfelt gratitude for taking the time to share your wonderful review about our product. We're absolutely delighted to hear that it has exceeded your expectations in terms of performance, particularly with its leak-proof and lightweight features.

Your feedback means the world to us, and we're thrilled to know that you've found our product to be perfect for daily use. This is exactly what drives us to keep innovating and improving our products to meet the needs of customers like you.

Thank you again for your kind words and for choosing our brand. We're honored to have customers like you who trust our products, and we look forward to serving you better in the future.

Best regards,
[Your Name]
Customer Support Assistant"
4,priya.desai88@gmail.com,Water Bottle,Design is stylish and easy to carry while traveling.,positive.,"Dear [Customer's Name],

We wanted to take a moment to express our heartfelt thanks for taking the time to share your thoughts about our product. We are thrilled to hear that you find it stylish and easy to carry, especially when traveling.

Your positive feedback means the world to us, and we're grateful for customers like you who appreciate the attention to detail and design of our product. It's customers like you who help us continue to innovate and improve, and for that, we are truly thankful.

Thank you again for your kind words, and we hope to have the opportunity to serve you better in the future.

Best regards,
[Your Name]
Customer Support Assistant"
5,ankit.mehta19@gmail.com,Water Bottle,"Very durable bottle, worth the price.",positive,"Dear [Customer's Name],

Thank you so much for taking the time to share your wonderful review about our product! We are thrilled to hear that you're very satisfied with your purchase and find it to be very durable. Your kind words mean a great deal to us, and we're truly grateful for customers like you who appreciate our efforts.

We're delighted that you feel the value of our product is worth the price. Our goal is always to provide high-quality products that meet our customers' needs, and it's wonderful to know that we've exceeded your expectations in this case.

Thank you again for your positive feedback. It's customers like you who help us continue to improve and strive for excellence in everything we do. We appreciate your loyalty and look forward to serving you better in the future.

Best regards,
[Your Name]
Customer Support Assistant"
6,snehal.jadhav55@gmail.com,Water Bottle,The cap fits perfectly and does not spill at all.,positive.,"Here's a potential response:

Dear [Customer],

I wanted to personally reach out and thank you so much for taking the time to share your wonderful experience with us! We're absolutely thrilled to hear that our product has exceeded your expectations - we're delighted to know that it fits perfectly and meets your needs.

Your kind words have made our day, and we're truly grateful for customers like you who trust and appreciate our products. It's because of feedback from valued customers like you that we continue to strive for excellence and improve our offerings.

Thank you again for your positive review - it means the world to us!

Best regards,
[Your Name]
Customer Support Assistant"
7,rahul.verma91@gmail.com,Water Bottle,"I love this bottle, great insulation performance.",positive,"Dear valued customer,

Thank you so much for taking the time to share your wonderful review of our product! We're absolutely thrilled to hear that you're loving the bottle and that it's performing well in terms of insulation. Your kind words mean a lot to us, and we're grateful for customers like you who appreciate the quality and performance of our products.

We're truly happy that you're enjoying your purchase, and we hope you continue to get many years of use out of it! If there's anything else we can do for you or if you have any other questions or concerns, please don't hesitate to reach out. We're always here to help.

Thank you again for your feedback and for being a valued member of our community!

Best regards,
[Your Name]
Customer Support Assistant"
8,pooja.naik63@gmail.com,Water Bottle,"Material feels safe and hygienic, highly recommended.",positive.,"Dear valued customer,

We would like to extend our sincerest gratitude for taking the time to share your wonderful experience with us. We are absolutely delighted to hear that you've found the material of our product to be both safe and hygienic - this is exactly what we strive for in all of our products, and it's fantastic to know that we've been able to meet your expectations.

We would like to thank you for recommending our product, and we're thrilled that you're happy with your purchase. Your feedback means the world to us, and we'll continue to work hard to ensure that every customer has a positive experience with our brand.

Thank you again for your kind words, and please don't hesitate to reach out if there's anything else we can assist you with.

Best regards,
[Your Name]
Customer Support Assistant"
9,vikas.pande04@gmail.com,Water Bottle,Perfect size for office and gym use.,positive.,"Dear [Customer's Name],

We wanted to take a moment to express our heartfelt thanks for taking the time to share your wonderful review about our product! We are absolutely thrilled that you found it perfect for both your office and gym use. Your kind words mean a great deal to us, and we're so grateful for customers like you who appreciate the value and quality of our products.

Your feedback is what drives us to continue providing the best possible solutions for our customers, and we're honored that you feel confident in our product. We're glad to hear that it's meeting your needs and exceeding your expectations!

Once again, thank you so much for your review and for being an amazing customer! If you have any other questions or concerns, please don't hesitate to reach out. We're always here to help.

Best regards,
[Your Name]
Customer Support Assistant"
10,kavita.singh27@gmail.com,Water Bottle,"Water stays fresh for a long time, great product.",positive,"Dear [Customer],

Thank you so much for taking the time to share your wonderful experience with our product! We are thrilled to hear that it has met your expectations and kept your water fresh for a long time. Your kind words mean a lot to us, and we're grateful for customers like you who appreciate the quality of our products.

At [Company Name], we strive to provide the best possible products to our customers, and feedback like yours only reinforces our commitment to excellence. We're happy to have you as part of our customer community, and we look forward to continuing to serve you in the future.

Thank you again for your loyalty and support!

Best regards,
[Your Name]
Customer Support Assistant"
11,nilesh.bhosale66@gmail.com,Water Bottle,"Easy to clean and maintain, very convenient.",positive,"Dear [Customer's Name],

I wanted to take a moment to express my heartfelt thanks for taking the time to share your wonderful review about our product. We're absolutely delighted to hear that you've found it easy to clean and maintain, and that it's been a convenience for you.

Your kind words mean a great deal to us, and we're thrilled to know that we've met your expectations in such a positive way. At [Company Name], we strive to provide the best possible experience for our customers, and it's customers like you who make all the hard work worth it.

Thank you again for your review and for being an valued customer. We're grateful for the opportunity to serve you and look forward to continuing to meet your needs in the future.

Best regards,
[Your Name]
Customer Support Assistant"
12,swati.mishra18@gmail.com,Water Bottle,"Excellent build quality, I would buy it again.",positive.,"Dear [Customer's Name],

We at [Company Name] would like to extend our sincerest gratitude for taking the time to share your wonderful experience with us. We are absolutely thrilled to hear that you were impressed with the excellent build quality of your product.

Your kind words mean a great deal to us, and we are truly grateful for customers like you who appreciate the hard work and dedication that goes into creating high-quality products. We are proud to have such satisfied customers, and we are committed to continuing to deliver exceptional products and service.

Thank you again for your positive feedback! We value your opinion and look forward to serving you better in the future.

Best regards,
[Your Name]
Customer Support Assistant
[Company Name]"
13,arjun.rao12@gmail.com,Water Bottle,The bottle started leaking after two days of use.,negative.,"Dear valued customer,

I am writing to express my sincerest apologies for the inconvenience you experienced with our product. We are deeply sorry to hear that the bottle started leaking after only two days of use. This is not the level of quality and performance we strive to deliver, and we regret that our product did not meet your expectations.

At [Company Name], we take all feedback seriously and are committed to continuously improving our products to ensure they meet the highest standards of quality and reliability. We would like to assure you that we are taking immediate action to address this issue and make necessary improvements to prevent such incidents in the future.

We would greatly appreciate any further information or details you can provide about your experience, as this will help us to better understand what went wrong and how we can improve our product. If there is anything else we can do to make things right, please don't hesitate to contact us.

If you have any questions or concerns regarding your purchase or would like to discuss a possible resolution, please feel free to contact us at granjeetsinh@gmail.com. We value your feedback and look forward to the opportunity to serve you better in the future.

Thank you for your patience and understanding.

Sincerely,
[Your Name]
Customer Support Assistant"
14,monika.gupta34@gmail.com,Water Bottle,"Not satisfied with the quality, feels cheap.",negative.,"Dear valued customer,

I am writing to apologize sincerely for the disappointing experience you had with our product. We are truly sorry to hear that you feel it does not meet your expectations in terms of quality and value. We understand how frustrating it can be when a product falls short of what we promise.

At [Company Name], we take all feedback seriously and are committed to continuously improving our products and services. Your input will play a significant role in helping us enhance the overall quality and performance of our offerings.

We want to assure you that we are taking immediate action to address the issues you've raised, and we will strive to do better in the future. We value your business and appreciate the trust you have placed in us.

If you would like to provide more feedback or discuss this further, please don't hesitate to contact us directly at granjeetsinh@gmail.com. Our dedicated team is here to listen, respond, and make things right.

Thank you for sharing your concerns with us. We look forward to the opportunity to serve you better in the future.

Best regards,
[Your Name]
Customer Support Assistant
[Company Name]"
15,sanjay.patil09@gmail.com,Water Bottle,The lid does not close properly and causes spills.,negative.,"Dear valued customer,

I am writing to offer my sincerest apologies for the inconvenience you have experienced with our product. We are deeply sorry to hear that the lid is not closing properly, resulting in spills. This is clearly not the level of quality we strive to provide, and I want to assure you that we take this issue very seriously.

At [Company Name], we value your feedback and appreciate the time you took to share your concerns with us. We are committed to continuously improving our products to ensure they meet the high standards you expect from us.

We will be addressing the issue of the lid's closure mechanism and will make necessary improvements to prevent such incidents in the future. Your input has been invaluable in helping us identify areas for improvement, and we are grateful for your trust in our brand.

If you would like to discuss this further or require any additional assistance, please don't hesitate to contact us at granjeetsinh@gmail.com. Our dedicated support team will be more than happy to help you with any concerns or questions you may have.

Once again, thank you for bringing this issue to our attention. We are committed to making things right and providing you with the best possible experience with our products.

Sincerely,
[Your Name]
Customer Support Assistant
[Company Name]"
16,deepak.malhotra71@gmail.com,Water Bottle,"Insulation is poor, water does not stay cold.",negative,"Dear valued customer,

I am writing to apologize sincerely for the disappointing experience you had with our product. We understand that the insulation was not up to your expectations, and the water did not retain its temperature as desired. This is clearly not the level of quality we strive to provide, and I want to assure you that we take full responsibility for this.

At [Company Name], we value your feedback and appreciate you bringing this to our attention. We are committed to continuous improvement and are already working on addressing the issues you've experienced. Our team is dedicated to upgrading our insulation materials and ensuring that future products meet the highest standards of performance and quality.

I would like to assure you that we will take immediate action to rectify these problems and prevent similar issues in the future. Your satisfaction is of utmost importance to us, and I want to thank you for taking the time to share your concerns with us.

If you have any further questions or concerns, please do not hesitate to contact me directly at granjeetsinh@gmail.com. We value your feedback and would be more than happy to address any additional issues you may be experiencing.

Once again, I apologize for the inconvenience this has caused, and I appreciate your loyalty to our brand. We are committed to making things right and will continue to work tirelessly to provide you with the best possible experience.

Thank you for your patience and understanding.

Best regards,
[Your Name]
Customer Support Assistant
[Company Name]"
17,rekha.iyer44@gmail.com,Water Bottle,"Bottle arrived with scratches, disappointed.",negative.,"Dear valued customer,

I am writing to apologize sincerely for the disappointing experience you had with your recent order. We are deeply sorry to hear that the bottle arrived with scratches, which falls short of the high standards we strive to maintain in our products.

At [Company Name], we take great pride in delivering exceptional quality and care to each and every one of our customers. Clearly, we have fallen short of this standard in your case, and for that, I want to extend my sincerest apologies.

I would like to assure you that we are taking immediate action to address the issue. We will conduct a thorough review of our packaging process to prevent such incidents from happening in the future. Our goal is to ensure that every product meets our high quality standards before it leaves our facility.

If there's anything else we can do to make things right, please don't hesitate to reach out. You can contact us directly at granjeetsinh@gmail.com for further support or any assistance you may need.

Thank you for bringing this matter to our attention, and I hope that you will give us the opportunity to serve you better in the future.

Sincerely,
[Your Name]
Customer Support Assistant
[Company Name]"
18,harsh.vora56@gmail.com,Water Bottle,Too expensive for the quality provided.,negative.,"Dear [Customer],

I want to start by offering my sincerest apologies for the disappointing experience you've had with our product. We're truly sorry that it didn't meet your expectations in terms of quality and value.

At [Company Name], we take all feedback seriously and are committed to continuously improving our products and services. I can assure you that we're taking immediate action to address the concerns you've raised, including reviewing our pricing strategy to ensure that our products offer the best possible quality at a fair price.

We appreciate your honesty and would like to invite you to contact us directly so we can discuss this further with you. If you could kindly reach out to us at granjeetsinh@gmail.com, I'll be happy to personally assist you in any way I can. Your input is invaluable in helping us shape our products for the better.

Once again, thank you for bringing this to our attention. We value your feedback and look forward to the opportunity to make things right.

Best regards,
[Your Name]
Customer Support Assistant"
19,manoj.chavan83@gmail.com,Water Bottle,"The cap broke within a week, not reliable.",negative.,"Dear valued customer,

I am writing to apologize for the disappointing experience you've had with our product. We are truly sorry to hear that the cap broke within a week of use, which is not the level of reliability we strive to provide.

At [Company Name], we take all feedback seriously and are committed to continuously improving our products to ensure they meet the high standards of our customers. We will definitely pass on your concerns about the cap's durability to our production team, and we will work on enhancing the design to prevent such issues in the future.

If you have any further questions or concerns regarding this issue, please don't hesitate to contact us at granjeetsinh@gmail.com. Our customer support team is here to assist you and provide a resolution to your concern.

Once again, thank you for bringing this to our attention, and we look forward to serving you better in the future.

Best regards,
[Your Name]
Customer Support Assistant"
20,tina.kapoor29@gmail.com,Water Bottle,"Water has a plastic smell, not happy with it.",negative.,"Dear [Customer],

I am writing to express my sincerest apologies for the disappointing experience you've had with our water product. We are truly sorry that our water has resulted in an unpleasant plastic smell, which is far from what we strive to provide.

At our company, we take great pride in the quality of our products and the satisfaction of our customers. Clearly, we fell short of this standard in your case, and for that, I am deeply sorry.

I want to assure you that we take all feedback seriously and are committed to making improvements. We will be re-examining our manufacturing process to ensure that such issues do not occur again in the future. Our goal is to provide the highest-quality products that meet or exceed your expectations.

If you would like to discuss this further or have any additional concerns, please don't hesitate to contact us at granjeetsinh@gmail.com. We value your feedback and look forward to making it right with you.

Once again, we apologize for the inconvenience caused by our product not meeting your standards. We appreciate your loyalty and hope to have the opportunity to serve you better in the future.

Thank you for bringing this to our attention.

Sincerely,
[Your Name]
Customer Support Assistant"
